{
	"class_name" : "PinholeCameraParameters",
	"extrinsic" : 
	[
		0.13904852876403134,
		-0.34567672725778692,
		0.92799413084399629,
		0.0,
		-0.98928309376398416,
		-0.0063334920003074845,
		0.14587270913999809,
		0.0,
		-0.044547357287708853,
		-0.93833229034890819,
		-0.34285280492837389,
		0.0,
		6.5835032960199911,
		10.408683196150299,
		17.340589687505542,
		1.0
	],
	"intrinsic" : 
	{
		"height" : 1080,
		"intrinsic_matrix" : 
		[
			935.30743608719376,
			0.0,
			0.0,
			0.0,
			935.30743608719376,
			0.0,
			959.5,
			539.5,
			1.0
		],
		"width" : 1920
	},
	"version_major" : 1,
	"version_minor" : 0
}